{"cameraMode":{"drawMode":0,"name":"Shaded","section":"Shading Mode"},"sceneLighting":false,"audioPlay":false,"sceneViewState":{"m_AlwaysRefresh":false,"showFog":true,"showSkybox":true,"showFlares":true,"showImageEffects":true,"showParticleSystems":true,"showVisualEffectGraphs":true,"m_FxEnabled":true},"in2DMode":false,"pivot":{"x":0.30712664127349856,"y":0.687828540802002,"z":1.7745943069458008},"rotation":{"x":-0.27686455845832827,"y":0.042355991899967197,"z":-0.012218219228088856,"w":-0.9599021673202515},"size":13.891355514526368,"orthographic":false}